{
  "author": "Radosław Kozieł <@panr> <radoslaw.koziel@gmail.com>",
  "browserslist": [
    "last 2 versions",
    ">1%",
    "not dead"
  ],
  "comments": {
    "dependencies": {
      "yarn": "project"
    },
    "devDependencies": {
      "browserslist": "project",
      "clipboard": "project",
      "eslint-config-airbnb": "project",
      "eslint-config-prettier": "project",
      "eslint-plugin-jsx-a11y": "project",
      "husky": "project"
    }
  },
  "dependencies": {
    "yarn": "^1.22.10"
  },
  "devDependencies": {
    "browserslist": "^4.16.5",
    "clipboard": "^2.0.4",
    "eslint-config-airbnb": "^18.2.0",
    "eslint-config-prettier": "^8.1.0",
    "eslint-plugin-jsx-a11y": "^6.2.1",
    "husky": "^5.1.3"
  },
  "license": "MIT",
  "main": "index.js",
  "name": "terminal",
  "scripts": {
    "test": "echo 'Test'"
  },
  "version": "2.1.0"
}
